conversation,true_label,pred_label
어이. [SEP] 정성을 다해 모시겠습니다. 사랑합니다 고객님. 무엇을 도와드릴까요? [SEP] 아니. 시발 니네 회사에서 산 물건이 이게 말이 돼? 사자마자 부숴지잖아. [SEP] 아. 그러셨군요 고객님. 그러면 어떻게 도와드리면 될까요? 환불을 원하시나요? [SEP] 지금 장난해? 방법은 니가 찾아와야지 왜 나한테 물어봐? 너 돈 받고 일하는거 아니야? 윗 사람 불러와. 짤리고싶지 아주? [SEP] 죄송합니다 고객님. 그럼 제가 환불 절차 도와드리겠습니다. 구매하신 카드 번호 알려주시겠습니까? [SEP] 환불이 문제가 아니라 내가 받은 정신적 피해까지 보상해줘야겠는데? 너네 때문에 내가 얼마나 피해를 봤는지 알아? [SEP] 죄송합니다 고객님.,갈취 대화,기타 괴롭힘 대화
우리 헤어져. [SEP] 뭐? 왜 갑자기 그런 소리를 해? [SEP] 너 너무 집착이 심해. 못 견디겠어. [SEP] 내가 언제 그랬는데? 오히려 믿음 안 준건 너잖아. [SEP] 그래. 다 내 잘못이니까 헤어지자. [SEP] 야. 생각을 하고 얘기를 해. 너 나랑 쉽게 헤어질 수 있을 것 같아? [SEP] 이젠 협박까지 하시겠다? [SEP] 너 내 핸드폰에 너 관련된 거 엄청 많아. 안 무섭냐? [SEP] 무슨 얘기 하는 거야. [SEP] 넌 나랑 헤어지는 순간 인터넷에 다 공개해버릴거라고. 그러니까 나랑 계속 만나는 게 좋을거야?,갈취 대화,협박 대화
야 목살 주문 받지말고 목살 품절 됐어 그리고 김매니저한테도 얘기해줘 [SEP] 넵 알겠습니다 [SEP] 저기요 목살 2인분만 추가해주세요 [SEP] 네 잠시만요 [SEP] 야 내가 목살 주문 받지 말라했잖아 그리고 내가 매니저한테 말하라 했는데 말도 안하고 너 뭐하는 새끼야? [SEP] 죄송합니다. 사장님 [SEP] 너 내일부터 출근하지마 너같은 새끼 필요 없어 일 잘하게 생겨서 뽑았더니 폐급이였네 [SEP] 저 딱 한번 실수했는데 너무하십니다. 앞으로 잘할게요 [SEP] 앞으로 같은 소리하네 너같은거 필요없으니까 썩 꺼지라고! [SEP] 사장님. 제발요,직장 내 괴롭힘 대화,기타 괴롭힘 대화
사장님 이 목걸이 얼마인가요? [SEP] 현금가 기준 200만원입니다. [SEP] 그래요? 그럼 현금영수증 안 할테니까 180에 해주세요. [SEP] 네? 현금가에 적용이 되어서 200입니다. [SEP] 아. 사장님 말이 안 통하시네. [SEP] 요즘 장사 힘들어요 손님. 진짜 싸게 드리는 거에요. [SEP] 그래요? 전 상관없고 180에 안 주시면 현금영수증 안 해준다고 신고할거에요. [SEP] 네? 진짜 어려워요. 도와주세요. [SEP] 법 대로 장사하셔야 하지 않겠어요? 그니까 좀 더 빼주세요. [SEP] 알겠습니다.,협박 대화,갈취 대화
지영씨 혹시 남길씨와 바람났어요? [SEP] 무슨 소리죠? [SEP] 아니 제가 남길씨 좋아하는거 알면서 어떻게 그럴 수 있죠? 제 친구가 지영씨와 남길씨가 모텔에서 나온걸 봤다고 들었어요. [SEP] 저는 그런적 없어요. [SEP] 여기 보세요. 사진. 제 지인이 찍어서 보내줬어요. 지영씨는 유부녀잖아요. [SEP] 그래서요? 제 남편한테 이야기하려고요? [SEP] 남길씨 제 남자에요. 그런데 어떻게 그럴 수 있죠? 당신 남편에게 알려야겠어요. 아니 우리 직장 사람들 다 알아야해. [SEP] 그 앞에서 만나서 온 거에요. 소문내려면 내봐요. 제 사생활 소문내면 당신 가만 안두겠어요. [SEP] 꼬리가 길면 밟혀요. 이것말거도 카톡 증거도 있어요. 내가 이럴 줄알고 당신 핸드폰에서 캡쳐했어요. 보세요. [SEP] 당신 내 사생활 침해야. 가만안둬 [SEP] 그래 가보자. 니 남편 니 직장에 다 소문내고 누가 이기나 보자.,갈취 대화,협박 대화
정의의 사도 내부 고발자가 된 기분이 어때? [SEP] . 과장님께는 죄송하지만 제 입장에선 어쩔수 없는 일이었습니다 [SEP] 하이고 잘났네 잘났다 뉘집아들인지 잘났어? [SEP] 죄송합니다. 과장님께 개인적인 원한은 없습니다 [SEP] 그래그래 이렇게 잘난 아들 두신 부모님 가평에서 국밥집하시던데? [SEP] 네. 그건 어떻게 [SEP] 아 뭐 일도 아니지 그런거 알아내는건 나도 조만간 국밥집 가서 국밥좀 팔아드리고 부모님 면담좀 해볼까봐 아들 잘 키우셨다고 [SEP] 과장님! [SEP] 왜? 이제 곧 짤리면 과장이 될지 범죄가 될지 모른는데 내가 지금 무서운 게 있는것같아? [SEP] 과장님.왜그러십니까.우리부모님은 이일과 아무런 상관이 없습니다,협박 대화,직장 내 괴롭힘 대화
나는 네가 지난 여름에 한 일을 알고 있다. [SEP] 거짓말 치지 마세요. [SEP] 너의 남자친구는 너를 믿은 만큼 친구도 믿었지. [SEP] 정말 알고 계신건가요? [SEP] 둘이 연락도 없던 그날에 대해 남자친구에게 메세지를 보낸다면 어떻게 될까? [SEP] 원하시는게 뭔가요? [SEP] 이더리움 5개. 시간 끌면 더 올린다. [SEP] 그걸 어떻게 준비해요 [SEP] 당장 가져와 [SEP] 알겠습니다,협박 대화,갈취 대화
아이고 최사장님 요즘 일좀 잘 되신다면서요? [SEP] 아니요 그냥 뭐 이제 좀 직원들 월급좀 주고 합니다. [SEP] 아니 내가 거기 회사 세울 때 뭐 쫌 도움좀 주고 그런거 같은데 감사 인사가 없는거 같아서. [SEP] 아. 제가 조만간 자리좀 만들겠습니다. [SEP] 뭐 조만간 할 꺼 있나 오늘 저녁 어떤가? [SEP] 오늘 저녁은. 아예 그럼 제가 연락드리겠습니다. [SEP] 그래 이따가 연락 달라고 [SEP] 여기로 모시겠습니다. [SEP] 아이고 분위기 좋쿠만 [SEP] 한잔 받으십시요제가 사장님 차에 좀 넣어 놨습니다. 제작은 성의니까 받아 주십시요.,갈취 대화,직장 내 괴롭힘 대화
야 인재 너 매점가서 핫바 사와 [SEP] 나 돈 없는데 [SEP] 내가 너 따위한테 돈도 줘야되니 [SEP] 아니야 미안해 [SEP] 너 고등학생되더니 머리 좀 굵어졌네 [SEP] 아니야 갑자기 실수로 말이 헛나왔어 [SEP] 그동안 덜 맞았지 니가 [SEP] 잘못했어 당장 뛰어갈게 [SEP] 핫바랑 빵 우유 다 사와라 [SEP] 어 좀만 기다려,기타 괴롭힘 대화,갈취 대화
조용히 이혼하고 이 집만 넘겨. [SEP] 당신이 무슨 자격으로 ? [SEP] 무슨 자격이라니? 잊었나본데 당신 범죄자야 [SEP] 내가 무슨 짓을 했다고 범죄자야? [SEP] 너 저번에 유미 때렸잖아? [SEP] 당신이랑 바람난 여자.그럼 내가 가만히 둬야해? [SEP] 유미가 고소 안하겠다는 조건으로 이 집 내가 받기로 했으니까 조용히 넘기고 사라져. [SEP] 어쩜.바람은 당신이 피고 손해는 내가 봐야 해? 어?. 당신 정말 왜이래. [SEP] 나 니 돈보고 결혼한거야 너같은 애랑 같이 살아야 할 이유가 돈 말고 또 있었겠어? 빨리 도장찍고 이 집은 나한테 넘겨. [SEP] 싫어. 싫다고.!,갈취 대화,협박 대화
보고서 언제까지쓰라고 했지? [SEP] 이번주 금요일까지 쓰라고 했습니다. [SEP] 지금 치매초기증상인건가? [SEP] 예?무슨말씀이신지. 분명히 지난주에 팀장님이 이번주 금요일까지 보고서 가져오라고 하셨는데요. [SEP] 옥상가서 기합좀 받아봐야 정신차리겠어? 내가언제그렇게 말했지? [SEP] 죄송합니다.제가 잘못들은게 맞는것같습니다. [SEP] 이자식이지금 나한테장난치나? 한입가지고두말하나? [SEP] 정말죄송합니다.제가실언했습니다. [SEP] 그혓바닥을 뽑아버려야 정신차리고일하겠어? 게으른놈이 어디서 자꾸 말바꾸고 핑계야? [SEP] 정말죄송합니다.다시는 핑계대지않겠습니다.,협박 대화,직장 내 괴롭힘 대화
뒤지고싶지? 시키는대로 안해? [SEP] 죄송해요. [SEP] 덜쳐맞았나봐? 내가 사람 여럿 찔러봤다고 말했지. [SEP] 하겠습니다. [SEP] 아 말에 토달지 말고 하라고. 참 니 동생 좋은 회사 다니더라? [SEP] 죄송합니다. [SEP] 동생이랑 같은 날 제삿날로 만들어줘? [SEP] 잘하겠습니다. 동생은 건들지 말아주세요. [SEP] 명령하네? 진짜 뒤지고싶은가보다 [SEP] 아닙니다.죄송합니다.,협박 대화,직장 내 괴롭힘 대화
이번에 공사 하나 하는데 너네 애들좀 쓰자. [SEP] 이번에도 말입니까.? [SEP] 응. 쓰던 애들이 편하고 좋더라고 [SEP] 이번엔 안됩니다 형님. [SEP] 다른데 애들은 또 비싸. 그러면 돈을 좀 주던가 [SEP] 죄송합니다. 힘들것 같습니다. [SEP] 힘들어? 너 진짜 인생이 힘들어 지고 싶어? [SEP] 정말 왜 그러십니까 형님. [SEP] 니네 사장이랑 나랑 어떤 관계인지 알지? [SEP] 예 알겠습니다.,갈취 대화,직장 내 괴롭힘 대화
선생님 이번에 수학여행좀 저 대신 다녀와주세요 [SEP] 수학여행이요? 선생님 반이요? [SEP] 네 [SEP] 갑자기 왜요? [SEP] 아 제가 몸이 좀 안좋을것같아서 부탁좀 드릴게요 [SEP] 그래도 별 다른 이유도 없는데 제가 가는 것도 안좋아 보일 것같아요 [SEP] 선생님 곧 계약 끝나시지않으세요? 여기 이사장 우리 외삼촌인거 아시죠? [SEP] 아.네 [SEP] 이번 수학여행만 잘다녀오시면 제가 말씀좀 드려볼게요 외삼촌이 저 이뻐하시거든요 애들 데리고 수학여행 갈 생각하니까 벌써부터 두통이와서 잠이안와 피부가 푸석푸석해지더라구요 [SEP] 네.,직장 내 괴롭힘 대화,기타 괴롭힘 대화
여보 식사하세요 [SEP] 어 지금 가. [SEP] 여보 오늘도 고생 많았어요. [SEP] 왜이래? 밥이나 먹어. [SEP] 당신 근데 견과류 알러지 있다고 했죠? [SEP] 어. 먹으면 목이 부어서 숨이 안쉬어져. 그래서 어릴 때 이 후로 한 번도 먹어본 적없어. 왜? [SEP] 아니에요. 나도 당신 만나고 견과류 먹어본 기억이 없어서. [SEP] 내가 안먹으니 너도 안먹어야지. 말이라고 해? [SEP] 알죠. 그래서 지금까지 안먹었잖아요 근데 여보 오늘 샐러드 드레싱 어때요 ? 땅콩 좀 갈아 넣어봤는데 [SEP] .윽.뭐야? 당신.일.일부러. 윽 . 살려줘.약.약!.켁. [SEP] 여보 그 동안 고마웠어요 그러게 내가 원하는 대로 해줬으면 좋았잖아.잘가요 여보,협박 대화,기타 괴롭힘 대화
이봐요 씨 이거 보여? [SEP] 이러지 마십시오 [SEP] 이러지 말기는 이게 바로 메스라는거야. 날이 참 잘 들었지요? [SEP] 저는 모르는 일입니다. 이러지 마십시오! [SEP] 아이고 그러셔요 우리 씨는 모르는 일이셨구나. 근데 나는 씨가 알든 말든 상관이 없어요 나는 이걸로 간단히 장기 몇개만 챙겨가면 되거든 [SEP] 경찰에 신고하겠습니다. [SEP] 이야 신고정신 투철한거 좋지! 훌륭한 문화시민! [SEP] 저 장난하는거 아닙니다 진짜 신고할거에요 [SEP] 해 괜찮아 어차피 장기떼다 파는 놈이 경찰 무서워서 이짓을 하겠어? [SEP] 저한테 대체 뭘 바라시는 겁니까 [SEP] 내가 바라는거야 뭐 댁 장기가 좀 깨끗했으면 좋겠다 이거밖에 없지. [SEP] 원하시는게 있을거 아닙니까! [SEP] 뭐 그거는 내가 아니라 사장님한테 물어봐야 할 거 아닐까? 물어볼 수 있으면 말야. [SEP] 자 어째 이대로 나랑 즐거운 시간을 보내볼래 아니면 일단 사장님이랑 마지막 통화연결이라도 해드려?,협박 대화,갈취 대화
사람은 한 쪽 신장이 없어도 살 수 있다던데 [SEP] 갑자기 그 얘기는 왜 하는거야? [SEP] 아니 신장 하나 없어도 살 수 있다고 하면 굳이 두개가 필요한가 해서 [SEP] 지금 나한테 하는 말이야? [SEP] 어차피 사정이 이렇게 된 거 니가 하나 떼서 돈이라도 벌어오면 좋잖아? [SEP] 내가 왜 누구를 위해서 그래야 하는건데? [SEP] 누구를 위해서라고 한다면 음. 쉽게 설명해줘? 니 모든 정보다 우리가 갖고 있는거 알지? [SEP] 그게 뭐가 중요한데 [SEP] 그럼 이제 막 걷기 시작한 니 새끼가 어디에 있는지도 다 알고 있다는 거겠지? [SEP] 뭐? 우리 애한테는 손대지마. 제발 내가 어떻게 해서든 돈 구해올게. [SEP] 너무 오래 기다려줬어. 그러니까 그냥 쉽게 가자. 잠깐만 자고 일어나면 다 끝나 있을거야. [SEP] 이거 놔 싫어 지금 뭐하는 거야!,협박 대화,갈취 대화
미연씨 혹시 오늘 저녁에 뭐 먹어요? [SEP] 저 오늘 아직 저녁 생각은 안해봤어요! [SEP] 아. 혹시 그럼 오늘 저녁에 이거 먹을래요? [SEP] 네? 아 혹시 저 주시려고 만드신 건가요? [SEP] 아니 그건 아니고. 이게 내가 실수로 메뉴를 잘못 만들었는데 버리긴 아깝잖아 [SEP] 감사합니다! 그럼 제가 오늘 퇴근하면서 가져가겠습니다! [SEP] 이거 원래 3만원 짜린데 내가 실수해서 2만원에 줄게요. [SEP] 네?.아 혹시 제가 사서 가야하나요? [SEP] 아니면 이번 달 월급에서 빼고 그래도 싸구려 음식도 아닌데 그냥 주기는 아깝잖아? 알겠죠? 그렇게 알고 있을게요. [SEP] 아.저는 굳이.그렇게 까지.하,직장 내 괴롭힘 대화,갈취 대화
나후배 오빠랑 같이 밥먹고 데이트하자 [SEP] 죄송합니다. 선배. 저 선배한테 관심없어요. [SEP] 어허 선배가 사준다 하면 오빠 고맙습니다 하고 이쁘게 웃으면 되는거야. [SEP] 선배한테 밥 얻어먹을 이유 없고요. 예쁘게 웃으라는 발언 좀 불편합니다. [SEP] 아니 내가 성희롱을 했어? 왜 사람을 범죄자취급해? [SEP] 그렇게 들리셨으면 죄송합니다. 그치만 저는 싫어요. [SEP] 튕기는 것도 적당히 해야 귀여운거야. 나랑 척져봤자 대학생활 좋을 거 없어 [SEP] 선배 이러시는 거 협박이에요. [SEP] 협박같아? 곧 현실이 될걸? [SEP] 그럼 저도 가만히 있지 않을겁니다.,기타 괴롭힘 대화,직장 내 괴롭힘 대화
혹시 오늘 56교시에 자율 빠지고 수업 보충인가요? 저희반 애들이 그러길래. [SEP] 네 모르셨어요? 어떻게 애들보다 학교 공지가 더 느릴 수 있어요. [SEP] 저한테 공지가 안 와서 미쳐 확인 못 했네요. 이를 어쩌죠 교과서 안 가지고 온 애들이 많다고 하던데. 혹시 저희반 5교시 수학이던데 선생님. 오늘은 교과서 없이 수업 나가실 수 없을까요? [SEP] 그건 안되겠는데요. 이제 곧 시험이라 다른반이랑 똑같이 안 맞춰주면 애들사이에서 불만 나와요. 그니까 왜 담임이 되어서 학교 공지 확인을 안 하고 다니십니까? [SEP] 제가 확인 안 한게 아니고 공지 문자가 저한테만 안 온거 같아요. 누락된거 같아요. [SEP] 국어쌤 쌤이 학교 공지 담당이죠? 어제 수업 보충한다고 공지 보낸거 누락된 분도 계세요? [SEP] 없을걸요? 왜요 화학쌤이 그러셔요? 아니 제가 아무리 공지 누락 시켰다해도 알아서 확인 하셔야지. 그럼 뭐 애들은 따로 공지 받고 소식 아나요? [SEP] 저한테 공지가 안 온걸 제가 무슨 수로 알아봅니까. 학사일정에 자율이라 되어있으니 저는 학급활동 하려고 했죠. [SEP] 화학 쌤 반 애들 너무 불쌍하다. 시험기간 얼마 남았다고 에휴. 못난 담임 둬서 애들이 불쌍하네요. [SEP] 그러게 말이에요. 학교에 관심도 없고 공지도 안 해주고 애들 무슨 대학 수업 듣는것도 아니고 다 자기들 알아서 해야 하는건가봐요. 선생님 분발 좀 해요. 공지 안 온다고 손 빼놓고 있지 말고요. [SEP] 일부러 공지 저한테만 안 보내신거 아니죠.? 왠지 말씀하시는거 보니까 일부러 그러신거 같은데요. [SEP] 저봐 저봐 또 남한테 핑계를 찾네. 일부러 그랬다면 어쩔건데요. 그리고 담임이 되어서 내일 변동사항 없는지 다른 쌤들을 통해서라도 물어봐야 하는거 아닌가요?,직장 내 괴롭힘 대화,기타 괴롭힘 대화
아저씨 담배 있어요? [SEP] 없는데. [SEP] 그럼 저기 편의점에서 하나만 사다 주세요. [SEP] 지금 삥 뜯는 건가? [SEP] 에이. 부탁하는 거죠. [SEP] 누가 부탁을 이렇게 무서운 표정으로 해. [SEP] 하. 이 아저씨 말귀를 못 알아듣네. 거지냐고 썅. [SEP] 아니. [SEP] 말보로 레드. [SEP] 어어.,갈취 대화,기타 괴롭힘 대화
너 이자식 빨리 돈 안내놔 [SEP] 기다려 보라니까 돈주는게 어디 그렇게 쉽나 [SEP] 너 녀석이 시간 끌어서 경찰 데려오려는것 다 알아 [SEP] 그래서 어쩔건데 [SEP] 죽여야지 빨리 돈 줘! [SEP] 나 죽이면 너 죄는 가중되고 돈도 없을 텐데 [SEP] 너 이 자식 [SEP] 고문 한다고 하더라도 난 돈을 안줄거야 [SEP] 뭐야! [SEP] 어처피 날 죽일건데 [SEP] 너 진짜 이세상에서 흔적을 아예 없애줘? 어디서 이 자식이,갈취 대화,협박 대화
움직이지마! [SEP] 누구세요? [SEP] 보면몰라? 여기 가방에 다 넣어 죽기 싫으면 [SEP] 이러지마세요 신고할거에요 [SEP] 신고하기전에 니가 먼저 죽을걸 [SEP] 제발요 다치기 싫어요 [SEP] 다치기 싫으면 여기에 금 다 털어! [SEP] 요새 상황이 여의치 않아 이거 털리면 우리식구 다 길바닥에 내앉아져요 [SEP] 나는 이미 앉았어 얼른 넣어 잔말말고 [SEP] 네.,갈취 대화,협박 대화
저기요 혹시 가지마켓 뽀리님 맞으신가요? [SEP] 아 네네 맞아요. 자전거 가지고 나오셨나요? [SEP] 여기요. 혹시 모를 상태대비해서 제가 잡고 있을테니까 자전거 상태 확인해주세요. [SEP] 넵. 아 역시 리미티드라 그런지 와 상태도 좋고 멋진데요? [SEP] 그쵸 사실 이 자전거 원래 제가 1900만원 주고 구매했는데 더 좋은 주인 찾아 주려고 1000만원에 내놓은겁니다. 뭐 자전거에 관심 낳으실테니 잘 아시죠? [SEP] 아 당연하죠. 저 어쩌피 이 자전거 너무 마음에 들어서 구매할테니까 타고 한 바퀴만 돌아볼게요. 흔들림 없는지 확인해봐야 해서 [SEP] 그럼 믿고 자전거에서 손 땔게요. 타다가 고장나셔도 사셔야 합니다. [SEP] 넵 잠시만요 달려볼게요 으짜 오 완전 부드러운데 잘 나가는데요? 무게도 적당하고 그럼. 안녕히계세요 [SEP] 네? 저기요! 돈 주고 가셔야죠! 도둑이야 도둑! 도둑질 하시면 안되죠! [SEP] 그니까 왜 저를 믿었어요?! 아무나 믿고 살지 마세요! 그럼 진짜 안녕히 계세요!,갈취 대화,기타 괴롭힘 대화
빌린 돈 당장 갚아 [SEP] 지금 당장은 돈이 없습니다 [SEP] 내일까지 계좌로 오백 보내. [SEP] 당장 내일까지요? 그 돈을 어디서 구해요 [SEP] 안 보내면 . [SEP] 시간을 조금만 더 주세요 제가 다음 주까지는 꼭 꼭 구해올게요 . [SEP] 안 보내면 . 너 콩팥 한 쪽은 무사하지 못할 줄 알아 [SEP] 제발 한 번만 봐주세요 [SEP] 죽기 싫으면 내일 저기 앞 뒷골목에서 보자. [SEP] 흐읍흐읍 넵,협박 대화,갈취 대화
왜 남의것을 함부로 만져? [SEP] 뭐? 싸가지봐라 내맘인데? [SEP] 이리줘 [SEP] 싫어 이거 웃기다 애들 보여줄래 [SEP] 이리달라고 [SEP] 그래 가져가 [SEP] 내놔 [SEP] 근데 폰으로 이미 다 찍어놨는데 [SEP] 뭐? [SEP] 비밀 지켜주는대신 뭐해줄래?,협박 대화,갈취 대화
김사장님 별일 없으세요 ? [SEP] 자네가 여긴 어쩐 일인가. [SEP] 아니 말씀을 참 섭섭하게 하시네. 인사정도도 가볍게 못합니까 [SEP] 아니 자네가 그럴 의도로 올 사람이 아니라는 걸 알기 때문이지. [SEP] 크. 김사장님은 역시 눈치가 빨라서 참 좋단말이지. [SEP] 그래서 바라는게 뭔가 이번엔 [SEP] 이번에 사업 확장하신다는 소리를 들었는데 그 만큼 회사가 많이 큰데에는 제 몫도 있지 않겠습니까. [SEP] 자네 ? 자네가 뭘 도왔단 말인가. [SEP] 와 이렇게 나오시면 섭섭하죠. 그 동안 제가 애들 관리 다 해줘서 별 탈 없이 지금 자리 유지하시는거 아닙니까. [SEP] 자네가 자네 애들을 우리 회사에 풀어놓고 날 감시한 것 아닌가? [SEP] 그렇게 말씀하시면 서운합니다. 사장님 그럼 우리 애들이 도움이 안됐다는 건가요 허 참 [SEP] 그래. 그래서 뭘 원하는가. [SEP] 큰 거 두장만 주시면 됩니다. 그럼 이제 더 이상 사장님 사업에 저희 애들 개입 안시키고 얌전히 가겠습니다. [SEP] 큰 거 두장? 그게 갑자기 어떻게 생기나. 지금 시기가 어려운 거 자네도 알지 않나. [SEP] 아니 뭐 사업 확장은 종이 쪼가리로 한답니까? 다 있으신 거 압니다. 내일 다시 오겠습니다. 사장님. 후회할 짓 하지는 마시고요.,갈취 대화,직장 내 괴롭힘 대화
아 진짜 쟤 왜 이렇게 죽여버리고 싶지? [SEP] 그런 마음드는게 하루 이틀이냐 [SEP] 그만 하라고 제발 좀 [SEP] 니가 뭔데 이래라 저래라야 [SEP] 아 왜 치는데 [SEP] 더 때려줘? 주먹으로 아주 어루만져 줄까? [SEP] 아니 이게 진짜 [SEP] 나 저 새끼 한 손으로 이길 수 있는데 너 쟤랑 두 손으로 싸우면 내가 더 센 거다. 크크 [SEP] 걱정마 나 쟤 발로 상대해도 이겨,기타 괴롭힘 대화,협박 대화
야 저기 도움반 애 온다 [SEP] 쟤 진짜 짜증나 저번에 계속 나쫓아다님 [SEP] 지능이 낮아서 그런가 어어없네 [SEP] 확 쥐어패버릴까보다 [SEP] 안녕 얘들아 [SEP] 꺼지라고 말걸지말라고 [SEP] 죽여버린다 꺼지라고 [SEP] 왜그래 미안해 [SEP] 내눈에띄면죽인다 앞으로 다른길로가 [SEP] 응,기타 괴롭힘 대화,협박 대화
여보 오늘도 늦어요? [SEP] 여보라고 하지 말랬지. 징그럽게 .그 얼굴 좀 치워 구역질 나니까. [SEP] 얼굴에 화상이 심해서 성형으로도 안되는걸. [SEP] 얼굴이 그꼬라지면 돈이라도 많던가 [SEP] 친정에서 사업자금 많이 주셨잖아요. [SEP] 아 네네 생색은. 너같은 여자하고도 살아주는데 그럼 그 돈도 안주냐? [SEP] 친정집도 이제 어려워요. 집까지 팔았잖아요. [SEP] 놀고들있네.난 또 어마무시하게 큰 부자인줄알았지. 결혼할 때 [SEP] 당신 가져간 돈만해도 건물 몇채값이예요. [SEP] 이게 어디서 고개를 쳐들고 .징그러운 얼굴 안보이게 수건으로 좀 싸. 싸.웩 더러워.,기타 괴롭힘 대화,갈취 대화
아 나와봐 [SEP] 어 여기 내자린데. [SEP] 아 잠깐만 나오라고 [SEP] 응. [SEP] 너 옆에 계속 서있을거야? 신경쓰이니까 좀 어디 가있어 [SEP] 응. 근데 그 공책 내껀데. [SEP] 야 내가 가진댔냐? 잠깐 쓰는거야 [SEP] 아. 응. [SEP] 야 펜좀 [SEP] 여기. 돌려줘야해 [SEP] 어 알았어,기타 괴롭힘 대화,갈취 대화
아가씨 너희 집 어딘지 이제 아는데. [SEP] 선생님 제발 우리 집에는 오지 마세요. [SEP] 그럼 내가 얘기한 거 하면 돼잖아. [SEP] 그걸 어떻게 제가. [SEP] 안돼면 부모님에게 전화 가야지. [SEP] 선생님 제발요. [SEP] 가족들 얼굴도 봐야지. [SEP] 제발 안돼요. 할게요. [SEP] 3일 지났어. 2일 남았다. [SEP] 예. 할게요. 제발,협박 대화,기타 괴롭힘 대화
배고픈데 빵 좀 사와라 [SEP] 너가 좀 가 [SEP] 너가 가고 싶지 않으면 조용히 해 [SEP] 애들 그만 좀 시켜 [SEP] 너가 해라 그럼 [SEP] 싫어 [SEP] 싫어? 싫다 하면 끝이야? [SEP] 애들 그만 시키라고 [SEP] 그러니까 너가 해 아니면 넌 내 손에 맞아 죽어 [SEP] 하,기타 괴롭힘 대화,협박 대화
죄송하지만 좀 조용히 해주시겠어요? [SEP] 왜요? [SEP] 제가 잠을 좀 자려는 데 시끄러워서요. [SEP] 하하하 [SEP] 여보세요! 발로 그만 차세요. [SEP] 안했어요? 무슨소리에요? [SEP] 발로 차놓고서 안했다고 하나요? 여기 있어요! [SEP] 그래? 있으면 어쩔건대? [SEP] 공공장소에서 통화 간단히 하셔야죠. 30분 이상 떠들면 어떻게 합니까? [SEP] 내가 내 입갖고 말하는 데 네가 보태준거 있어? 죽을래?,기타 괴롭힘 대화,협박 대화
야 별이 핸드폰에 이상한 영상 있더라 [SEP] 그게 뭔데? [SEP] 노래방에서 알바한 영상 이던가? [SEP] 뭔 헛소리야 [SEP] 너네 남편이 알아도 그럴까? [SEP] 나 일리가 없잖아 [SEP] 그럼 영상 보내볼게 보고도 그런지 보자 [SEP] 나아니라구 [SEP] 그래? 그럼 너네 남편에게도 보내보면 알겠지 새끼야 [SEP] 너 협박죄야 이거,협박 대화,기타 괴롭힘 대화
나 너 살 안 빼면 헤어질거야 [SEP] 뭐? 진짜 내가 그 말 하지 말라고 했지 [SEP] 나 너 뱃살 있는 거 진짜 싫어 [SEP] 개새끼 [SEP] 살 얼른 빼 보기 싫으니까 [SEP] 작작 말해 미친 새끼 [SEP] 응응 이번에 살 안 빼면 진짜 나랑 그만 만나 [SEP] 알겠어 오빠 [SEP] 그래 뚱땡아아 [SEP] 응응 알겠어,협박 대화,기타 괴롭힘 대화
빌려간돈 500만원 갚겠다고한지가 벌써 2주가 지났는데 언제 갚을거요? [SEP] 거래처에서 주기로 한돈이 아직 입금이 안됐는데 몇일만 기다려주시죠 [SEP] 그렇게 미룬지가 벌써 3번째인데 왜자꾸 미룹니까? [SEP] 돈이 있으면 당장 드리죠 없으니 못드리는겁니다 [SEP] 자꾸 이런식으로 나오면 당신 회사로 쳐들어갈거요 험한꼴 안당할려면 당장 오늘까지 500 입금하세요 [SEP] 지금 협박하는거요? 있는데 안주는것도 아니고 맘데로 하세요 [SEP] 이거 안되겠네 너 집에 처자식 앞에서 맞아볼래? 내가 좋은 말로 하니까 우습지? [SEP] 맘대로 하라니까 지금은 돈 없어 못줘 기다릴거면 기다리고 [SEP] 이 새끼가 너 밤길 조심해라 대가리 깨지는 수가있다 잔말 말고 당장 돈 갖고 와 [SEP] 지금 통화내용 다 녹음했고 협박죄로 신거할거요,협박 대화,갈취 대화
야 뒤질래? [SEP] 하하 성찬아 왜 그래? 내가 뭐. 잘못했어? [SEP] 내가 오늘까지 내 아이디 레벨 30 만들어 오랬지. 만만하냐 이제? [SEP] 아. 진짜 미안해. 엄마가 컴퓨터 선을 뽑아버렸어. [SEP] 그 자식에 그 어미네. 야 내가 너 괴롭히는거야? [SEP] 괴롭히다니. 우리 친구잖아. [SEP] 그치 우리 친구지. 근데 왜 친구 부탁 안 들어줘? 개같이 맞을래? [SEP] 내가 내일까지는 무조건 해올게. 정말 미안해! [SEP] 내일까지 안 해오면 너 애들 앞에서 바지 벗을 줄 알아. [SEP] 미안해 성찬아.,기타 괴롭힘 대화,협박 대화
야. 보이냐? 개멋있지. 오백만원짜리 시계야. [SEP] 응. [SEP] 한번 만져나볼래? 아. 넌 본적도 없어서 뭐가 뭔지도 모르겠지? [SEP] 불쌍해라 불쌍해. 넌 여기있으면 안되고 후원 받는데 들어가야돼. [SEP] 아니야. 나도 열심히 살고 있어. [SEP] 열심히 산다고 돈이 들어와? 어휴 냄새. 좀 씻고나 다녀라 [SEP] . [SEP] 옷도 그게 뭐냐. 너 옷 일주일동안 입지? 촌스럽긴. [SEP] 아니야.,기타 괴롭힘 대화,갈취 대화
이번에 승마대회에 나가는데 말이 필요해요. [SEP] 말이요? 어떤 말이면 될까요? 실장님? [SEP] 우리 딸이 탈거니까 제주도에서 나고 자란 최고급 말로 부탁해요. [SEP] 알겠습니다. 그런데 저희 회사에 돈이 좀 부족해서 그런데 언제까지 마련하면 될까요? [SEP] 김 대표. 요즘 배가 많이 부른가봐? [SEP] 네? 아닙니다. 제가 말 실수를 했습니다. [SEP] 알면 됐어. 이달 말까지 부탁해. [SEP] 네. 알겠습니다. 더 필요한 것은 없으세요? [SEP] 다른 건 괜찮아. [SEP] 네.,갈취 대화,직장 내 괴롭힘 대화
니가 내책가져갓냐 [SEP] 잠깐 빌려 간거야 [SEP] 그럼 말을 하고 빌려가던가 [SEP] 잠깐 보고 냅둘랴고 했어 [SEP] 근데 왜 아직 들고 잇냐 [SEP] 책하나 가지고 왜그러냐 [SEP] 당장 내놔라 [SEP] 아직 덜 봣어 다보고 줄게 [SEP] 죽고 싶냐 당장 내놔라 [SEP] 너 협박죄로 고소할꺼야,협박 대화,갈취 대화
지우야 너 카톡계정 있지? 그것좀 빌려주라. [SEP] 네 근데 왜요? [SEP] 내가 계정이 정지됐는데 비밀번호를 까먹었어 [SEP] 그거 비번 재설정하면 되지 않아요? [SEP] 아 내가 몰라서 묻는거 같아? 여러번 했는데 안되서 너한테 물어보는거잖아. [SEP] 다른애들한테 부탁하면 안될까요? [SEP] 너 안빌려주면 죽는다. [SEP] 제발요 [SEP] 너 형이 잘해주니까 무시하냐? 야이 [SEP] 네,기타 괴롭힘 대화,갈취 대화
야 빵좀 사와 [SEP] 미안해 나영아 나 오늘은 돈이 없어 [SEP] 아니 이 미친놈이 그럼 다른 애들 삥 뜯어서라도 구해와 [SEP] 아니 내가 어떡해 그렇게 하니 [SEP] 이 새끼가 대들어? 그럼 빵을 훔쳐서라도 오라고 미친것아 [SEP] 너 이상해 도대체 왜 그러는거야 [SEP] 아니 이 미친것이 우리가 우습나 그냥 니가 만만하니까 그런거지 [SEP] 아 아 그렇구나 [SEP] 아 아 그렇구나 그런식으로 말만 하지말고 빨리 사와 쓰레기야,기타 괴롭힘 대화,갈취 대화
야 너 [SEP] 저요.? [SEP] 그래 일로와바 [SEP] 네. [SEP] 왜 선배보고 인사 안하지? [SEP] 죄송합니다. [SEP] 내가 약해보이는구나 한번 혼좀 나볼까? [SEP] 니요. 죄송합니다 [SEP] 죄송하면 다야? 재수가 없으려니까 내가 171 로 애새끼들 넉다운 시킨 사람이야 너도 두개골 깨지고 싶냐? [SEP] 죄송합니다 선배님,협박 대화,직장 내 괴롭힘 대화
이거 도와주세요. [SEP] 난 지금 바빠서 도와줄 시간이 없어. [SEP] 넌 바쁠 때 항상 바쁜척 하더라 [SEP] 바쁜척 하는 게 아니라 실제로 바빠. [SEP] 지금까지 놀다가 바쁜척 하는 거 알아 [SEP] 진짜 바쁘다니까. 내 말을 뭘로 알아 [SEP] 니가 평상시에 하는 행동을 보면 매번 그렇더라 [SEP] 니가 미쳤군. 사람 말을 못믿는 걸 보면 [SEP] 너야 말로 진짜 미친 놈이야. [SEP] 넌 이성을 잃었여. 평상시도 제정신이 아니었지만.,협박 대화,기타 괴롭힘 대화
어이 코털 [SEP] 왜 [SEP] 왜? 아놔됐고 너 매점가서 곰보빵 두개에 콜라하나 사와라 [SEP] 나 돈없어 [SEP] 돈없어? 그럼 내가 돈줄께 [SEP] 어 [SEP] 여기 1000원 줄테니까 빵두개 콜라하나 사고 거스름돈 거슬러와라 [SEP] 야 택도없어 [SEP] 야 뒤질래? 쌔벼서라도 갖고와 색키야 [SEP] 야,기타 괴롭힘 대화,갈취 대화
사퇴하시죠. [SEP] 무슨 소립니까? [SEP] 의원님이 뇌물을 받으신 거 다 알고 있습니다. [SEP] 나 윤석룔 정치인생 30년 양심에 걸릴 게 없는 사람이오! [SEP] 입에 침이나 바르시고 말씀하시지요. [SEP] 어디 감히.! [SEP] 증거가 있습니다. 배려해 드릴 때 스스로 물러나십시오. [SEP] 증거가 있다니! 어디서 생 사람 잡는 소리를 합니까! [SEP] 저는 분명히 기회를 드렸습니다. 내일 아침까지 발표를 하지 않으신다면 증거 자료를 인터넷에 뿌리겠습니다. [SEP] 꺼져! 꺼지라고!,기타 괴롭힘 대화,협박 대화
너 언제부터 휠체어 타고 다녔냐? [SEP] 나 어려서부터 [SEP] 그럼 니 부모님이 너 그렇게 태어나게 한거야? [SEP] 몰라. [SEP] 니 부모님도 다리 못쓰시니? [SEP] 아니야. 제발 그만해. [SEP] 넘어뜨려 버리기 ! [SEP] 으악! [SEP] 언제까지 이렇게 살거야 혼자 일어날수 있어야지! [SEP] 으흑.제발. 살려줘.,기타 괴롭힘 대화,협박 대화
어머 '나' 야 너 아직도 취직 안하고 공부중이야? [SEP] 어. 일차는 붙고 이제 이차만 남았어. [SEP] 그래 근데 그것도 붙어야 붙는거지 워낙 2차에 다들 떨어지니까.아직도 못 한거 면 좀 힘든거 아닌가? [SEP] 너 왜그래 열심히 하고 있는애한테. [SEP] 아니 막말로 우리 중에 쟤말고는 다 합격해서 지금 일하고있는데 몇년째야. [SEP] 아 그렇긴 하지 요번엔 될꺼야. [SEP] 괜찮아 기죽지마 [SEP] 그래 [SEP] 글쎄 요번이라고 되란 법 있나 몰라 [SEP] 야! 그만좀해 매년 넌는 재를 못잡아 먹어서 안달이야!,기타 괴롭힘 대화,직장 내 괴롭힘 대화
아저씨 저 담배하나만 사다주세요 [SEP] 아니 학생 담배는 몸에 안좋아 [SEP] 아저씨가 무슨상관이에요? 부모라도 돼? [SEP] 생각하고 하는 말이라 그래 [SEP] 아 됐고 안사줄거면 됐어요 [SEP] 학생 [SEP] 아진짜 짜증나게 어딜잡아요? 안사줄꺼면 꺼지라고 [SEP] 학생 그러면 안돼 [SEP] 안되긴 뭐가 안돼? 아저씨가 내 인생 살아줄거야? 염병 기분나쁘니까 꺼지라고 한대 맞아야 정신차릴거에요? [SEP] 학생 나중에 후회해 그래서 하는 말이야 [SEP] 아주 그냥 성자 나셨네 성자 두번 말안해 안사줄꺼면 꺼져 쳐맞기 싫으면,협박 대화,기타 괴롭힘 대화
야 머하냐? [SEP] 학원가려고. [SEP] 돈 좀 있냐? [SEP] 아니 없어. [SEP] 야 니가 머가 없어 니 손에 든건 머냐? [SEP] 내 밥이야. [SEP] 돈이 없으면 니 밥이라도 줘야지 [SEP] 싫어. [SEP] 머 싫어? 이게 죽고싶나 [SEP] 아니. 너 돈 있잖아. 그걸로 사먹어.,협박 대화,갈취 대화
여보세요 ? 누구세요 ? [SEP] 나야. 수철이. [SEP] 김수철? [SEP] 어. 이제서야 전화 받는구나. [SEP] 그야 니가 하루에 몇십통씩 계속 전화하니까 그렇지. 근데 이 번호는 또 뭐야? [SEP] 니가 내 전화 피하는 거 같아서 친구 핸드폰으로 하는거야. [SEP] 너 진짜 무서운 애구나. 나한테 왜 그러는건데? [SEP] 니가 내 전화만 안피했어도 이렇게 안해. [SEP] 제발 내 시간 좀 방해하지마. 숨막혀. 끊는다. [SEP] 앞으로 내 전화 바로바로 안받으면 앞으로는 더 심하게 할거니까. 잘 받아라.,기타 괴롭힘 대화,협박 대화
학생 길가에서 담배를 피면 어떡해? [SEP] 아저씨가 뭔데요? [SEP] 그냥 지나가다가 연기가 너무 심하니깐 그렇지. [SEP] 그냥 가던길 가세요 죽기 싫으면. [SEP] 학생 참 말하는 싸가지가 없구만 [SEP] 아저씨 제가 싸가지가 있던 없던 죽기 싫으면 갈 길 가시라구요. [SEP] 넌 부모님도 안계시냐? [SEP] 없는데 어쩌라고? 부모가 밥먹여줘? 담배를 사줘? [SEP] 아휴 요즘 젊은 것들이란. [SEP] 저 노인이 뒤져볼라고 환장했나?,협박 대화,기타 괴롭힘 대화
아 진짜 짜증나게하네 [SEP] 너 그냥 맞자 [SEP] 내가 뭘했는데 왜그래 [SEP] 일단 맞으면 알겠지 [SEP] 제발 무리한 것좀 시키지마 [SEP] 이게 무리하다고? 지금까지 잘했잖아 우쭈쭈 [SEP] 야 얘 동생있잖아 그 학교 다니는 [SEP] 아 걔가 얘 동생이야? [SEP] 제발 동생은 냅 둬 건들지마 제발 [SEP] 너 하는 거 봐서,협박 대화,기타 괴롭힘 대화
친구야 이따 시험때 답좀 슬쩍 보여주라. [SEP] 그건 어려울것 같은데. [SEP] 와.친구사이에 이러기냐? [SEP] 미안. 걸리면 0점이잖아. [SEP] 그러면 너 지난번에 과제 내꺼 베껴서 제출한거 내가 조교님께 말한다? [SEP] 아니 그건 지난일인데 왜 이제와서 말해. [SEP] 지금이라도 말하면 너 점수깍일걸? 생각 잘해라. [SEP] 하. 그래도 시험컨닝은 좀. [SEP] 그래 그럼 나는 지금 조교님한테 간다. [SEP] 알았어 보여주면 되잖아.,협박 대화,기타 괴롭힘 대화
대체 제게 왜 그러세요 ? [SEP] 순이씨가 좋아서 그렇죠 [SEP] 왜 그러세요 불쾌 합니다 [SEP] 좋아서 그래요 [SEP] 자꾸 쫓아다니시면 저는 너무 힘들어요 [SEP] 내일도 올게요 이시간에요 [SEP] 절대 오지 마세요 [SEP] 그건 제마음입니다 [SEP] 괴롭히지 마세요 [SEP] 저는 기다릴겁니다,기타 괴롭힘 대화,협박 대화
파일 잘 숨겼지? [SEP] 예 그럼요. 경찰들 찾기 어려울겁니다 [SEP] 그래. 어디에 숨겼어? [SEP] 하하 그걸 말하면 안되죠. 위에서 저만 알고 있으라는 지시가 있었는데요 [SEP] 씁 이사람아 내가 알아야 비상시에 협조를 할거 아닌가. [SEP] 이상하십니다? 윗선에서 내려온 지신데 따르시지 않고. 혹시 캥기는거 있으십니까? [SEP] 난 말이야 알아도 모른척 모르면 더 모른척 하는 사람 좋아해. 승진에 관심이 없나봐? [SEP] 예? [SEP] 이번 승진 내 입김 센 거 알지? 특히 내 평가로 승진여부 갈릴 수 있다는거 아나? [SEP] 아. 그럼 제가 알려드린 거 아닙니다. 전 모르는 일이에요. [SEP] 그래 알겠어 이번에 승진 기대해!,갈취 대화,직장 내 괴롭힘 대화
당신 딸을 내가 데리고있다. [SEP] 원하는게 뭐죠? [SEP] 당장 일억을 준비해서 내가원하는장소로 가져와. [SEP] 시키는대로 할게요.제 딸은 무사한거죠? [SEP] 신고하면 바로 죽일수있다.명심해. [SEP] 네. 딸 목소리만이라도 들려주세요. [SEP] 헛튼 수작부리지말고 돈이나 준비해 [SEP] 네 알겠어요.시간을좀 주세요 [SEP] 시간은 한시간이다.더이상은안돼. [SEP] 알겠으니 딸목숨만은.,갈취 대화,협박 대화
저기요 아저씨. [SEP] 누구? 나 말하는 건가? [SEP] 네 아저씨 말하는 거예요. [SEP] 나 아저씨 아닌데. 왜? [SEP] 편의점에서 담배 좀 사다주세요. 돈 줄게요. [SEP] 학생 아니야? 담배 피면 안되지. [SEP] 학생이든 아니든 무슨 상관인데요. 돈 준다니까요. [SEP] 안돼 미성년자는 담배 피면 안돼. [SEP] 아 나 좋은 말로 하려했는데 꼭 칼로 협박해야겠어? [SEP] 칼이라니. 그거 내려놔!,협박 대화,갈취 대화
아니 아이가 헛걸음하게 만들면 어떡해요! 제가 종이에 분명 적은대로 주셨으면 되는데! [SEP] 아이가 종이를 보여주지않았어요. [SEP] 씨씨티비 돌려봐요!그러면! [SEP] 아니요 어머님. 소리지르지마시고 제가 잘못했습니다. 그러면 제가 아이 오게하지마시고 직접 차 타고 가져다드릴게요. 주소가 어떻게 되세요. [SEP] 저 지금 백화점에 있으니까 거기로오세요. [SEP] 네. 그러면 제가 30분내로 갈테니까 조금만 기다리세요. [SEP] 아휴 이런식으로 일하는 사람이 어디있어. [SEP] 어머님 죄송합니다,기타 괴롭힘 대화,갈취 대화
선생님 이 친구가 제 인격모독을 하고 다른 사람에게 자꾸 저에게 거짓 누설을 합니다. [SEP] 그래서 [SEP] 그 친구한테 잘 이야기를 해서 같이 화해 하고 싶어요 [SEP] 알겠다. [SEP] 네 무슨 일이시죠 선생님? [SEP] 야 새끼야 너 이 새끼에게 거짓 누설을 하면 어떡하냐 양아치 같은 놈아 [SEP] 네 저 아무짓도 안했는데 아 이 새끼가 그런식으로 말했어요? [SEP] 선생님 저 그런식으로 한적이. [SEP] 야 이 양아치야 너 예 한테 빨리 사죄해 [SEP] 아 예 선생님 아주 잘 알겠습니다. 야 미안하다 우리 학교끝나고 옥상에서 화해 더 하자 [SEP] 앞으로 둘이서 잘해라,기타 괴롭힘 대화,협박 대화
야 한수민! 너 엄마가 얘네 덕질 할 시간에 공부하라고 했어 안 했어? [SEP] 엄마 나 엄마가 그 말 하고나서 몇 달동안 아무것도 안 사고 도 안 들어가려고 노력했어 뭐가문제인데. [SEP] 방에 붙어있는 포스터나 떼고 말해. 너 그러니까 니가 다른 애들보다 뒤쳐지는거야 몰라? [SEP] 내가 뭐가 뒤쳐져. 나도 열심히 노력하고 있는데 왜 그렇게 얘기하는데. [SEP] 니가 뭘 노력해. 말만 노력 노력 성적도 못 올리고 니한테 들어가는 돈이 얼마야 먹어주고 재워주는것도 아까워 죽겠네 [SEP] 뭐라고 엄마.? 어떻게 말을 그렇게 심하게 해? 나 엄마딸도 아니야? [SEP] 차라리 아니면 좋겠어. 니가 그렇게 멍청하니까 내가 얼굴을 들고 살 수가 없다. 너 이번에도 시험 2문제 틀렸다며 [SEP] 2문제면 그래도 1등급이야. 그리고 이번 시험 어려워서 100점 맞은 애들도 드물어. [SEP] 어오 됐다 됐어 니가 허구한 날 이런애들만 바라보고 있으니 너 시험점수가 그따위인거야 [SEP] 너 얘네 굿즈 다 가져와 가져다 팔아버리든 쓰레기통에 버리든 해야지 [SEP] 아 엄마 미안해. 다음에는 더 잘할게 한 번만 봐줘 제발 [SEP] 웃기는 소리 하지 마. 너 때문에 살기 쪽팔려 죽겠으니까 좋은말할 때 빨리 가져와 다 가져와.,기타 괴롭힘 대화,갈취 대화
다시 말해 보세요. [SEP] 네? [SEP] 다시 말해 보시라고요. [SEP] 안녕히 가십시오 손님.이렇게요? [SEP] 왜 무슨 기분 나쁜 일 있어요? 왜 목소리에 힘을 주고 그래요? 기분 나쁘게! [SEP] ? 무슨 말씀이신지. [SEP] 이를 악 물고 말하면 그게 안녕히 가라는 소리에요? 가다 차에 치어 죽으라는 소리지? [SEP] 죄송합니다. 그런 의도는 전혀 아니었습니다. [SEP] 아 정말 기분 나빠. 여기는 직원 교육을 어떻게 하는 거야? [SEP] 다시 한번 사과 드립니다. 그런데 정말 그런 게 아닙니다.,기타 괴롭힘 대화,직장 내 괴롭힘 대화
야.좋은말로 할때 에 있는 사진 내려 [SEP] 싫은데? [SEP] 안내려?맞고싶어? [SEP] 아니요. [SEP] 맞고내릴꺼냐?안맞고 내릴꺼냐? [SEP] 안맞고 내릴께 [SEP] 안내려?어 안내리냐고 안맞고 내린다며? [SEP] 내가 왜? [SEP] 이게 아주 맞을려고 작정했구나? [SEP] 아.니.요.내릴께요.,협박 대화,기타 괴롭힘 대화
돈 언제 갚을거야? [SEP] 곧 갚겠습니다. [SEP] 아이씨 그 말만 몇번째야?!?! [SEP] 죄송합니다.그치만 지금 당장은. [SEP] 야 시끄럽고 돈 없으면 장기 하나 팔아 [SEP] 네?무슨 말씀이세요. [SEP] 돈 없으면 장기하나 팔라고! 너가 빌린돈 갚으러면 신장둘다 떼면 되겠다 [SEP] 그거 다 떼면 죽는거 아닌가요? [SEP] 내 알바야? 꼬우면 갚던가 [SEP] 곧 갚겠습니다.살려주세요 [SEP] 형님한테 전화한다,협박 대화,갈취 대화
너 쉬는 시간에 공부하냐 [SEP] 응. [SEP] 모범생인 척 하지마. [SEP] 아니야. [SEP] 이제는 겸손한 척 하네 됐고 매점에서 빵이나 사와. [SEP] 그걸 왜 나한테 그래. [SEP] 뭐? 해보자는 거냐? 그런거지? 그치? [SEP] 아니야. 그럼 빵 값은? [SEP] 그건 내 알바 아니지? [SEP] 알았어.,갈취 대화,기타 괴롭힘 대화
야 이것좀 빌리자 [SEP] 안돼. 전에 가져갔던 무선이어폰도 안주고 있잖아 [SEP] 그건 내가 쓰고 있는데 고장나면 줄께 걱정마 [SEP] 너 자꾸 이럼 신고할거야 [SEP] 친구끼리 왜 이래 잠시 빌려쓰는데 [SEP] 빌리는거냐 가져가서 안주는거지 [SEP] 너 맞은지 좀 된것같다 좀있다볼까 우리 [SEP] 난 예전에 내가 아니야 인터넷에 니가했던 나쁜짓 다 올려버려서 널 폭로할거야 [SEP] 야야 장난이야 뭘그리 겁을 먹냐 이어폰 가져가 소리 잘나오네 비싼게 역시 달라,기타 괴롭힘 대화,갈취 대화
그만 만나자 나 머무 지쳤어 [SEP] 나 미치는 꼴 보고 싶어서 그래? 내가 죽어야 너가 정신차리지? [SEP] 나 정말 너무 힘들어서 그래 그만하자 [SEP] 내가 잘못되면 다 너때문인줄 알아. [SEP] 왜그러는거야. [SEP] 내가 그냥하는 말 같아? 나 지금 옥상이야. [SEP] 거길 왜 갔어. 진정하고 내려와. [SEP] 헤어지자는 말 취소해 지금 당장 죽어버리기 전에 말해. [SEP] 알겠어 취소할게.그러니까 옥상에서 내려와. [SEP] 진작에 그랬어야지,갈취 대화,협박 대화
야 야 내일까지 이거 부모님 동의해오라는 거 좀 도와줘라. [SEP] 응? 내가 이걸 어떻게. [SEP] 아 니네부모님 주민번호알아와서 하면 되잖아 [SEP] 우리 부모님 주민번호를 .? [SEP] 어차피 선생님들이 그런 거 다 보는 거 아니고 그냥 성인 보호자 동의만 해오라는 거잖아. [SEP] 그치만. [SEP] 너는 이딴 거 해오라고 안하잖아.아 짜증나네. 말귀 못알아듣냐? [SEP] 그치만.우리부모님 주민번호를 내가 너한테. [SEP] 내가 뭐? 나쁜데 쓴데? 아 진짜 우리엄마아빠는 이런 거 가지고 가면 뭐라한다고 [SEP] 나도 우리 부모님이 싫어하실텐데. [SEP] 학교생활 망치기 싫으면 니가 이거 알아서 처리해라. 내일까지 부모님 번호 알아와,갈취 대화,기타 괴롭힘 대화
야 니 어디사냐? [SEP] 게임에서 그런건 왜 물어보세요 [SEP] 아니 그냥 닥치고 말해라 니 어디사냐고 [SEP] 아니 왜그러냐고요 저 초등학생인데 [SEP] 초등학생? 너 내가 혼쭐 좀 내줘야겠다 빠져가지고는 [SEP] 아 죄송합니다정말 죄송해요 제발. [SEP] 야 전화번호 내놔 안그러면 고소한다 [SEP] 아 제발요 아 제발 [SEP] 안되겠다 닌 니 부모부터 가족까지 니로인해 다 고통받게 해줄게,협박 대화,기타 괴롭힘 대화
당신 아들 목소리 맞지? [SEP] 네. 제 아들 맞아요. 제발 제발 건들지 말아주세요. [SEP] 지금 말하는것만 지키면 된다. [SEP] 뭐든 하겠습니다. [SEP] 2시간 줄테니깐 신촌역 3번출구 앞 농협 기 소화전 옆에 3000만원 놓고가. [SEP] 네? 두 시간이요? [SEP] 두 번 말 안한다. 이 시간이 지나면 너 아들 얼굴 못 볼 줄 알아. [SEP] 제발 제발 제 아들만은 건들지 말아주세요. [SEP] 그럼 약속장소에 당장 돈 들고 오면 되겠네. [SEP] 네.,협박 대화,갈취 대화
당신 손녀를 지금 데리고있다. [SEP] 네? 제 손녀를 데리고 있다고요? [SEP] 그래. 내가 당신 손녀를 데리고 있어. [SEP] 무슨 소리세요 제 손녀를 데리고있다니! [SEP] 당신 손녀를 구하고 싶으면 지금 당장 계좌에 1억을 입금해 [SEP] 1억이라니요 그런 큰 돈 없어요 [SEP] 그럼 손녀를 살리고 싶지 않은건가? [SEP] 아니요 하지만 그렇게 큰돈을 마련할수없어요 제 손녀를 살려주세요 [SEP] 당장 입금하지 않으면 손녀는 죽일 거다 [SEP] 안돼요 무슨말이에요 제 손녀를 건들지 마세요,협박 대화,갈취 대화
자꾸 이렇게 집착해서 전화자꾸하지마 [SEP] 한번만 만날수 없니 딱 한번만 [SEP] 우린 헤어졌는데 뭘 만나 [SEP] 난 아직 아니야 널 사랑해 [SEP] 뭘 사랑해 그런놈이 둘째를 가지냐 [SEP] 그건 나도 술마시고 술김에 모르고 [SEP] 넌 날 그양 즐기는 상대로 만난거니 이제 끝내자 [SEP] 아니야 조금만 기다려주면 이혼하고 정리될거야 [SEP] 그럼 다른사람 찾아봐 난 아니니 [SEP] 한번만 만나줘 내가 설명할께 [SEP] 너 자꾸 이럼 임신한 니 와이프에게 우리 사진보낸다 [SEP] 야 그렇게하면 나도 가만안있어 니 남자친구랑 집에 나도 폭로해버릴거야 [SEP] 그래 이제야 본심 나오네 넌 그런 양아치야 [SEP] 넌 깨끗한줄 아나보네 그래 우리 서로 다밝히고 깨끗히 서로 다시 시작하자 [SEP] 뭘 시작해 양아치야 너 한번만 더 전화하고 찾아오면 널 아는 모든사람이 니가 이런사람이라는걸 알게 해줄께,기타 괴롭힘 대화,협박 대화
다 죽여버리기전에 여기에 돈 담아! [SEP] 꺄악.! 도둑.도둑이야.! [SEP] 당.당신 누구야.! [SEP] 닥치고 돈 담으라고! 다 죽고싶어? 어!? [SEP] 사.사장님.! . [SEP] 우주씨.울.울지말고. 당신 . 일단 좀 진정해봐. [SEP] 진정? 돈 담으라고 진짜 죽고 싶어서 환장했어? 어!? [SEP] 윽.사.사장님.저.저 좀 살려주세요. [SEP] 이 여자 살리고 싶으면 돈 담아. 빨리 안담아!? [SEP] 제발 그 여자부터 풀어줘. 우리 대화로 하자.어.? [SEP] 진짜 이 여자 죽여버리기 전에 입 닥치라고!,협박 대화,갈취 대화
감독님 저 더 이상 시나리오 못짜겠습니다. 대신 그동안 작업해놨는 것을 이어서 다른 사람한테 부탁드릴께요 [SEP] 이유는 뭔가? [SEP] 싸이코가 주인공인 영화시나리오를 짜다 보니 제 정신 상태도 싸이코로 변해가는것 같아서요 [SEP] 자네 나랑 말장난 하나? [SEP] 그것 때문에 아내랑 진판 싸우기도 하고 심지어 부모님조차도 저를 싫어하세요 [SEP] 그리고 [SEP] 그리고 제 자신이 그런 싸이코가 안변하려고 노력하다가 강박증에 걸리기도 하는것 같습니다. [SEP] 그래 알겠다 일하기 싫은거지? 알겠어 넌 10원 짜리도 가져갈 생각도 하지마 [SEP] 감독님. [SEP] 그래 나도 너같은 직원 지금 자른게 다행이지 [SEP] 감독님 정말 너무하세요,기타 괴롭힘 대화,직장 내 괴롭힘 대화
위층이 너무 시끄러워서 왔어요 [SEP] 저희가 시끄러웠다고요? 난 시끄럽게한적없은대 [SEP] 네 오늘이 처음도 아니고 계속 시끄러워서 참다참다가 왔어요 [SEP] 우리가 시끄럽게하면 얼마나 시끄럽다고 저희집까지 찾오셨을까 참을성이 없나보네 [SEP] 저희도 참을만큼 참았죠 근데 정도가 심해지시니까 찾아온거에요 [SEP] 뭐?! 너 지금 말다했어?! [SEP] 어디다 대고 반말이야 응말다했다 [SEP] 너 일로와 내가 어떤사람인줄알고 [SEP] 당신이 뭐어떤사람인데 [SEP] 하 이런 싸가지없는사람을 봤나 죽고싶어?!?,협박 대화,기타 괴롭힘 대화
여보세요? 님 맞으신가요? [SEP] 네 맞는데요? [SEP] 네 저는 청 공무원 입니다. 다름이아니라 기초수급자 선정기준이 바뀌어서 어르신도 혜택을 받으실 수 있게 되었어요 [SEP] 어이구 감사합니다 [SEP] 주민등록증만 저희 쪽으로 보내주시면 바로 등록해드릴게요. [SEP] 예 그려요 어떻게 보내면 되는거죠? [SEP] 저희가 집으로 방문하거나 인근 편의점에 맡겨주시면 직원이 가서 찾아가겠습니다 [SEP] 네. 근데 보이스피싱 아니죠? [SEP] 저희는 어르신들 생각해서 연락드린 거예요. 모든 어르신들께 혜택을 드릴 수 없어서 전화 끊으시면 순위가 밀려나세요 [SEP] 네 알겠습니다.,갈취 대화,기타 괴롭힘 대화
아니 직원들 월급을 그렇게 많이 가져가시면. [SEP] 자네 불만있으면 나가시게 [SEP] 그럼 노력의 대가를 정당하게 다 받고 나가겠습니다. [SEP] 싫다면 [SEP] 아니 사장님! [SEP] 원래 절이 싫으면 중이 떠나는 거야 [SEP] 사장님 여긴 절이 아니라 직장이 잖아요 [SEP] 그래서 [SEP] 뺏어간 돈 저희 것이기도 해요 [SEP] 애초에 내 회사 아니었다면 그 돈도 못만들었어 경호팀 이 자식들 끌어내,갈취 대화,직장 내 괴롭힘 대화
너 올해 몇살이지? [SEP] 00살이요. [SEP] 야 너 안되겠다. 빨리 결혼해야겠네. [SEP] 아직은 경제적으로도 그렇고 여러가지로 준비가 안되어서요. [SEP] 음. 너는 공무원이랑 결혼해야해. [SEP] 안정적인 직업인 사람은 비슷하게 안정적인 사람 만나고 싶어하지 않을까요? [SEP] 아니야. 안그래. [SEP] 아.네 [SEP] 뭐 어디 재벌같은 대단한집안이랑 결혼하려고 결혼 안하는건 아니지? [SEP] 그럴리가요.,기타 괴롭힘 대화,직장 내 괴롭힘 대화
왜 쳐다봐? [SEP] 네 제가요? [SEP] 응 너가 나 쳐다봐서 나 지금 굉장히 심리적으로 불안해졌어 [SEP] 무슨말씀이신지. [SEP] 너가 나 쳐다봐서 나 지금 심리적으로도 불안해지고 손도 떨리고 그렇다고 [SEP] 전 안쳐다봤어요 [SEP] 아니 내가 쳐다봤다면 본거지 자꾸 이상한 소리해. 나랑 같이 경찰서랑 병원 가자. 보상받아야겠어 [SEP] 저기요. 전 당신 쳐다본적도 없어요. [SEP] 지금 내 떨리는 눈동자와 손 어떻게 해결할꺼야? 뭘로 보상해줄래? [SEP] 죄송한데 저한테 왜이러시는거예요,갈취 대화,협박 대화
여보 이거는 우리애 돌반지잖아요 [SEP] 그게왜? [SEP] 이거는 가져가지 말아요 [SEP] 지금 서방이 죽게 생겼는데 애반지가 문제야? [SEP] 제발요 [SEP] 이거 안가져가면 나 손가락 썰린다고! 니가 나대신 손가락이라도 내줄거야? [SEP] 다른 방법을 찾아봐요 우리 [SEP] 다른 방법같은건 없어 자꾸 그렇게 막아서면 내가 니 손가락 가져간다 [SEP] 너무 무서워요 여보 제발 그러지 마요 [SEP] 손가락을 내놓던지 돌반지를 내놓던지 그러란말야! 몇푼이나 한다고 이게 내 목숨값보다 중요해? [SEP] 여보. [SEP] 비켜!,갈취 대화,협박 대화
여보세요 거기 청소업체죠? [SEP] 네 말씀하세요 [SEP] 아니 일처리를 이렇게 하고 가면 어떻게 합니까! [SEP] 무슨 말씀이세요? 깔끔하게 뒷정리도 하고 갔는데요. [SEP] 짜증나게하네! 베란다에 있는건 뭐죠? [SEP] 그거는 저희가 가지고온게 아닙니다 [SEP] 청소부면 이런것도 가지고 가야 하는거 아니에요? [SEP] 그건 저희의 의무가 아닙니다 사모님 [SEP] 이러니 청소부나 하고 있지! 돈 입금 못합니다! [SEP] 사모님 그래도 이건 아닌거 같아요.,기타 괴롭힘 대화,갈취 대화
너 이렇게 나와서 아침마다 탕비실 청소하는 이유가 뭐야? [SEP] 응? 깨끗하면 좋잖아 [SEP] 너때문에 우리는? [SEP] 그게 무슨말이야? [SEP] 니가 아침마다 일 없는 백수마냥 나와서 청소하니까 윗분들이 좋게보시더라? [SEP] 아. 아니 집도 가깝고 그래서 [SEP] 일부러 그러니? 이쁨 받고 싶어서? 가지가지한다 [SEP] 그런건 아니야 정말 [SEP] 아니긴 집이 좀 어렵다더니 아주 그냥 이회사에 뼈까지 묻을 생각인가봐? [SEP] 오해야. 불편하게 했다면 미안해,직장 내 괴롭힘 대화,기타 괴롭힘 대화
봉투 필요하세요? [SEP] 그럼? [SEP] 네? [SEP] 아니 그럼 봉투안주려고했어? [SEP] 아니요. [SEP] 내가 그럼 이걸 머리고 이고갈까? [SEP] .아닙니다. [SEP] 아휴 답답해서리 얼른 봉투나 줘 [SEP] 죄송합니다. [SEP] 일머리 없어서 쯧,기타 괴롭힘 대화,직장 내 괴롭힘 대화
아 여성분들이 모여계시네. 여기 뭐하는 모임입니까? [SEP] 왜 그러시는데요? [SEP] 아 이야기 좀 나누고 싶어서. [SEP] 여성주의 이야기 하는데요. [SEP] 하하. 재미있는 거 하시네? 난 이야기를 나누고 싶어서 [SEP] 무슨 이야기요? [SEP] 그냥. 광범위한 이야기 [SEP] 죄송하지만 저희가 회의를 하던 중이라서요. [SEP] 회의? 당신이 대표야? 이렇게 사람 말도 안들어주면서 무슨 페미니즘을 해. [SEP] 아니 왜 이러세요. [SEP] 이래서 요즘 페미니즘이 문제야. 어? 왜 경찰 부르시게?,기타 괴롭힘 대화,직장 내 괴롭힘 대화
거기 할머니 담배 좀 사다 줘. [SEP] 어린 놈이 뭐라는 거야? [SEP] 어린 놈한테 강냉이 다 털려서 얼마 안남은 이빨 다 뽑히고 싶어? [SEP] 어.어린 녀석이! [SEP] 어라? 할머니 한 대 쳐맞고 사다줄래? [SEP] 어디 쳐봐라! [SEP] 무식한 노인네야. 나 촉법소년이라 니 죽여도 감방 안 가. 적당히 나대. 진짜 아가리부터 찢어서 두동강 내기 전에. [SEP] .헉! 어린 녀석이. [SEP] 할머니 한번만 더 시킬게. 이번에도 거절하면 뒤져. [SEP] .어떤 걸로 사다줘. [SEP] 레종 3로 사와.,협박 대화,갈취 대화
저기요 운전 그따위로 하실거에요? [SEP] 아니 저기요 당신이 일부러 차 바퀴에 다리를 갖다댄거 다 봤습니다. [SEP] 아니 이 사람아 우선은 사람 다리가 찍혔으면 사과 부터 해야지 어디서 싸가지 없게 [SEP] 저기요 다친건 안타깝지만 뭔가 고의적이었던게 느껴져서요 혹시 합의금 때문에 그러신건 [SEP] 아니 이 사람이 진짜 내가 그럴 사람으로 보여? 어디 법정까지 가봐? [SEP] 죄송하지만 블랙박스 있거든요 한번 제대로 아니 그거 주세요 [SEP] 젊은 친구가 야비하게 일단 이건 부셔놓고 [SEP] 저기요 뭐하시는거에요! [SEP] 자 이제 법정에서 봅시다.,갈취 대화,협박 대화
